status	device	publisher	title_or_filename	version_or_date	bytes	sha256	local_path	official_url_or_note
LOCAL_VERIFIED	UM982	Unicore	WTRTK-982_User Manual_EN_R1.3.pdf	R1.3	874790	5EB228CDB00EF2E81AA90AE45C793C10EFC8395F9DDFC00BB5541BD3565F6BB1	C:\Users\cairlab\Desktop\Projects\PPB_NG_2026\PPBv2_20260825\dual_GPS\MJRTK-UM982\WTRTK-982_User Manual_EN_R1.3.pdf	Existing read-only PPBv2 reference
LOCAL_VERIFIED	UM982	Unicore	Unicore Reference Commands Manual For N4 High Precision Products_V2_EN_R1.2.pdf	V2 EN R1.2	1933419	557B146A5A47F5E9E7A5704D3888F305031908E285A43C868E134F361A972C51	C:\Users\cairlab\Desktop\Projects\PPB_NG_2026\PPBv2_20260825\dual_GPS\MJRTK-UM982\Unicore Reference Commands Manual For N4 High Precision Products_V2_EN_R1.2.pdf	Existing read-only PPBv2 reference
LOCAL_VERIFIED	MJRTK-UM982 breakout	MJRTK	MIRTK-UM982 Product Specifications.pdf	unknown	1746451	B38D1CA31C4E0418C6F102D92499F63E8F4AEAAEEF4A6E57153728825C43DA73	C:\Users\cairlab\Desktop\Projects\PPB_NG_2026\PPBv2_20260825\dual_GPS\MJRTK-UM982\MIRTK-UM982 Product Specifications.pdf	Filename spelling retained from existing source
LOCAL_VERIFIED	FX10e	Specim	fx10-user-manual.pdf	unknown	2742581	CFA561D0B44E12D4029F7B852EEE83BB6450481202795F1F3AE6334B141CAED1	C:\Users\cairlab\Desktop\Projects\PPB_NG_2026\docs\Hyper_Spec_Cam_Specim_FX10e\Manuals\fx10-user-manual.pdf	Existing read-only project document
LOCAL_VERIFIED	FX10e/SWIR SDK	Specim	LUMO SpecSensor SDK.pdf	unknown	7923597	B592259E6E9F5ABB27A9C7D904AE83F11D5EFBF5D0346145DC08A2D87D101429	C:\Users\cairlab\Desktop\Projects\PPB_NG_2026\docs\Hyper_Spec_Cam_Specim_FX10e\Manuals\LUMO SpecSensor SDK.pdf	Existing read-only project document
LOCAL_VERIFIED	SWIR	Specim	spectral-camera-swir-user-manual-2.5.pdf	2.5	2928042	3ACE920C16F525B0EF3778959FA00FB971A21F192A19A81A376DF628B8F040ED	C:\Users\cairlab\Desktop\Projects\PPB_NG_2026\docs\Hyper_Spec_Cam_Specim_SWIR\spectral-camera-swir-user-manual-2.5.pdf	Existing read-only project document
LOCAL_VERIFIED	RGB BFS-U3-122S6	Teledyne FLIR	FLIR_Blackfly_S_BFS-U3-122S6.pdf	unknown	115212	02D183E37406AE81969AFDA816F3C7C1B0F763132DB6ADBB219F9115E2D749BD	C:\Users\cairlab\Desktop\Projects\PPB_NG_2026\docs\RGB_Cam_FLIR_BFS_U3\FLIR_Blackfly_S_BFS-U3-122S6.pdf	Existing model sheet; does not contain every GPIO limit
ONLINE_ONLY	RGB BFS-U3-122S6	Teledyne FLIR	Input/Output Control BFS-U3-122S6	retrieved 2026-08-25	0			https://softwareservices.flir.com/BFS-U3-122S6/latest/40-Installation/InputOutputControl.htm
LOCAL_VERIFIED	A6701	Teledyne FLIR	FLIR_A6701_Thermal_Camera_User_Mannual.pdf	unknown	4133655	FC21BAEBCD8913AF71EBF7DCE7514C8F8401876F1CE98F70EB4FE2FE778F4757	C:\Users\cairlab\Desktop\Projects\PPB_NG_2026\docs\Thermal_Cam_FLIR_A6701\FLIR_A6701_Thermal_Camera_User_Mannual.pdf	Existing filename spelling retained
LOCAL_VERIFIED	A6701	Teledyne FLIR	FLIR US Cooled Camera Genicam Processes Document_April 2020.pdf	April 2020	368345	23833B638819096FC414FAEC706F7840CC101A2879E21184E4BF7D4B048F8160	C:\Users\cairlab\Desktop\Projects\PPB_NG_2026\docs\Thermal_Cam_FLIR_A6701\FLIR US Cooled Camera Genicam Processes Document_April 2020.pdf	Existing read-only project document
ONLINE_ONLY	Spinnaker SDK	Teledyne FLIR	Spinnaker SDK documentation	4.4 family	0			https://softwareservices.flir.com/Spinnaker/latest/
LOCAL_VERIFIED	RSM400	SOMAG	323403_901_08_02_ICD_Interface_Control_Document.pdf	08.02	1761600	F3B06536AC691A8403E8297C6A7173F68B4F2016237FC2338BB39E9FA0FCD410	C:\Users\cairlab\Desktop\Projects\PPB_NG_2026\docs\Stabilization_Mount_RSM400\323403_901_08_02_ICD_Interface_Control_Document.pdf	Existing read-only project document
LOCAL_VERIFIED	RSM400	SOMAG	111710_901_08_07_RSM_400_Manual.pdf	08.07	2578516	D6F3874891E20EDFCAEAC4143131F4F888B0703E0EE30234BE2DB7F5F7B3C3B1	C:\Users\cairlab\Desktop\Projects\PPB_NG_2026\docs\Stabilization_Mount_RSM400\111710_901_08_07_RSM_400_Manual.pdf	Existing read-only project document
ONLINE_ONLY	Timing controller	STMicroelectronics	UM2407 STM32H7 Nucleo-144 boards	Rev. 6 April 2026	0			https://www.st.com/resource/en/user_manual/um2407-stm32h7-nucleo144-board-stmicroelectronics.pdf
